processing,quantity,backend,reference,distance_km,component,unit,time_start_s,time_end_s,dt_s,samples_per_component,relative_l2_percent,paper_energy_misfit,correlation_pearson_no_shift,peak_abs,reference_peak_abs,peak_ratio,max_abs_difference,rms_difference
raw,disp,qseis06,spgrn2020,300.0,East,m,0.0,400.0,0.25,1601,39.35717416808391,0.15489871584968912,0.9267116963939788,1.7981979926381297e-05,2.617031104740955e-05,0.6871137256949504,1.1714409673514023e-05,6.757830468791617e-07
raw,disp,qseis06,spgrn2020,300.0,North,m,0.0,400.0,0.25,1601,22.79420774443146,0.05195759066962991,0.9819151670251013,2.604519990655234e-05,3.057569037745363e-05,0.8518270424977207,7.689331592350598e-06,6.490686780723121e-07
raw,disp,qseis06,spgrn2020,300.0,Up,m,0.0,400.0,0.25,1601,36.16220841758647,0.13077053176369616,0.94107702508624,5.720046949614035e-05,9.014476279598402e-05,0.6345401299196569,3.477416183649548e-05,2.5886754952892732e-06
raw,disp,qseis06,spgrn2020,300.0,all_components,m,0.0,400.0,0.25,1601,34.879075424928615,0.12165499024978589,0.9458635586612861,5.720046949614035e-05,9.014476279598402e-05,0.6345401299196569,3.477416183649548e-05,1.5894667549438277e-06
raw,disp,qseis06,spgrn2020,600.0,East,m,0.0,400.0,0.25,1601,44.76916834280073,0.2004278434106031,0.8983919984809954,5.787121359310811e-06,6.802973620541636e-06,0.8506752608648298,5.377577203758719e-06,4.047497716938314e-07
raw,disp,qseis06,spgrn2020,600.0,North,m,0.0,400.0,0.25,1601,21.58655405855664,0.04659793161229881,0.9848008273117035,1.0885500280590382e-05,1.3226644372000243e-05,0.8229978802207853,3.988444196954736e-06,3.964069991817955e-07
raw,disp,qseis06,spgrn2020,600.0,Up,m,0.0,400.0,0.25,1601,30.386499286411034,0.09233393388830582,0.963483218806362,3.061781318699873e-05,5.0875919572199884e-05,0.6018134599719199,2.0258106385201153e-05,1.420241913364542e-06
raw,disp,qseis06,spgrn2020,600.0,all_components,m,0.0,400.0,0.25,1601,29.967234260486038,0.08980351292228479,0.9642346269251821,3.061781318699873e-05,5.0875919572199884e-05,0.6018134599719199,2.0258106385201153e-05,8.828076383833381e-07
raw,disp,qseis06,spgrn2020,900.0,East,m,0.0,400.0,0.25,1601,35.939351327365884,0.12916369738318362,0.9401708323858458,4.154264157313244e-06,5.4067310569255066e-06,0.7683504345924564,3.0880342039603698e-06,2.4471831247714975e-07
raw,disp,qseis06,spgrn2020,900.0,North,m,0.0,400.0,0.25,1601,19.969171638269774,0.0398767815918678,0.9877500643498623,8.376282163829263e-06,9.20312035989363e-06,0.9101567551297434,2.3696578817073364e-06,2.7974181608920513e-07
raw,disp,qseis06,spgrn2020,900.0,Up,m,0.0,400.0,0.25,1601,29.40617162697718,0.08647229297552377,0.9657262282064373,2.2881472943250995e-05,2.8204263866392105e-05,0.8112770839063207,1.3472826137723043e-05,1.0101673674629139e-06
raw,disp,qseis06,spgrn2020,900.0,all_components,m,0.0,400.0,0.25,1601,28.53704222055835,0.08143627786979299,0.9679451741969017,2.2881472943250995e-05,2.8204263866392105e-05,0.8112770839063207,1.3472826137723043e-05,6.214447270721948e-07
raw,disp,qseis2025,spgrn2020,300.0,East,m,0.0,400.0,0.25,1601,3.7683851893105946,0.001420072693501545,0.9993071261141575,2.6599969954823563e-05,2.617031104740955e-05,1.01641779903325,1.3150128684609094e-06,6.470512375128181e-08
raw,disp,qseis2025,spgrn2020,300.0,North,m,0.0,400.0,0.25,1601,3.6775972695955943,0.0013524721677336971,0.9993905068656646,3.0968935526309956e-05,3.057569037745363e-05,1.0128613661376655,1.1963538123401742e-06,1.0472016509728862e-07
raw,disp,qseis2025,spgrn2020,300.0,Up,m,0.0,400.0,0.25,1601,3.8787158029826436,0.0015044436280307295,0.9992666208726607,9.138583614816313e-05,9.014476279598402e-05,1.013767559131393,3.8683200268073455e-06,2.7765827895315703e-07
raw,disp,qseis2025,spgrn2020,300.0,all_components,m,0.0,400.0,0.25,1601,3.847950274959093,0.0014806721318557758,0.9992811478259559,9.138583614816313e-05,9.014476279598402e-05,1.013767559131393,3.8683200268073455e-06,1.7535410449421218e-07
raw,disp,qseis2025,spgrn2020,600.0,East,m,0.0,400.0,0.25,1601,8.76890832258917,0.007689375316997361,0.9962649521074781,6.513919890251941e-06,6.802973620541636e-06,0.9575106789453226,8.832464997252331e-07,7.927807848462855e-08
raw,disp,qseis2025,spgrn2020,600.0,North,m,0.0,400.0,0.25,1601,6.961881621867545,0.0048467795716897084,0.9976908344730061,1.3376820495983014e-05,1.3226644372000243e-05,1.0113540607699925,1.0929682827052628e-06,1.2784525936363982e-07
raw,disp,qseis2025,spgrn2020,600.0,Up,m,0.0,400.0,0.25,1601,7.326007920185158,0.005367039204661567,0.9973568271709782,5.1256799533536754e-05,5.0875919572199884e-05,1.007486448688094,3.932721731736113e-06,3.4241204976647585e-07
raw,disp,qseis2025,spgrn2020,600.0,all_components,m,0.0,400.0,0.25,1601,7.329775613119008,0.005372561053867412,0.9973626064332521,5.1256799533536754e-05,5.0875919572199884e-05,1.007486448688094,3.932721731736113e-06,2.1592856526735167e-07
raw,disp,qseis2025,spgrn2020,900.0,East,m,0.0,400.0,0.25,1601,12.296315833873935,0.015119938308637887,0.9927351023144914,5.595150350972427e-06,5.4067310569255066e-06,1.0348490228315634,7.773082927288272e-07,8.372810163271903e-08
raw,disp,qseis2025,spgrn2020,900.0,North,m,0.0,400.0,0.25,1601,10.130793079697224,0.010263296842364118,0.9950482855381579,9.270183824778239e-06,9.20312035989363e-06,1.0072870355120929,1.132614068569373e-06,1.4191907936267331e-07
raw,disp,qseis2025,spgrn2020,900.0,Up,m,0.0,400.0,0.25,1601,11.347359522573274,0.01287625681345344,0.9936651399218459,2.7493010211385146e-05,2.8204263866392105e-05,0.9747820521614649,4.240962785685236e-06,3.8980702561285404e-07
raw,disp,qseis2025,spgrn2020,900.0,all_components,m,0.0,400.0,0.25,1601,11.220048968952261,0.01258894988656867,0.9938228751172498,2.7493010211385146e-05,2.8204263866392105e-05,0.9747820521614649,4.240962785685236e-06,2.4433647381381543e-07
raw,disp,spgrn2012,spgrn2020,300.0,East,m,0.0,400.0,0.25,1601,0.7025185925485309,4.935323728763688e-05,0.9999752775764623,2.6103278616726093e-05,2.617031104740955e-05,0.9974386077963681,2.0191685491630507e-07,1.2062607770928278e-08
raw,disp,spgrn2012,spgrn2020,300.0,North,m,0.0,400.0,0.25,1601,0.24565883538364636,6.034826340204947e-06,0.9999969450991033,3.0564053842211553e-05,3.057569037745363e-05,0.999619418724535,9.031331639111824e-08,6.995174270893446e-09
raw,disp,spgrn2012,spgrn2020,300.0,Up,m,0.0,400.0,0.25,1601,0.067316344147306,4.531490189358538e-07,0.999999773299693,9.01435618066057e-05,9.014476279598402e-05,0.9999866771031276,6.731859726571655e-08,4.818847580167256e-09
raw,disp,spgrn2012,spgrn2020,300.0,all_components,m,0.0,400.0,0.25,1601,0.18691427097055588,3.4936944692454382e-06,0.9999982527068467,9.01435618066057e-05,9.014476279598402e-05,0.9999866771031276,2.0191685491630507e-07,8.51782956150045e-09
raw,disp,spgrn2012,spgrn2020,600.0,East,m,0.0,400.0,0.25,1601,0.18454731217079395,3.4057710429464474e-06,0.9999982961939982,6.795364915845228e-06,6.802973620541636e-06,0.9988815619285318,3.419342966584139e-08,1.6684581204611711e-09
raw,disp,spgrn2012,spgrn2020,600.0,North,m,0.0,400.0,0.25,1601,0.1432649127116454,2.052483521427538e-06,0.9999989719504668,1.3229253775746846e-05,1.3226644372000243e-05,1.000197283881929,3.265630777719267e-08,2.6308605802487455e-09
raw,disp,spgrn2012,spgrn2020,600.0,Up,m,0.0,400.0,0.25,1601,0.03599758956349361,1.295826454381744e-07,0.9999999352390394,5.0876299776260014e-05,5.0875919572199884e-05,1.0000074731634008,2.0434791009453252e-08,1.6825000141109073e-09
raw,disp,spgrn2012,spgrn2020,600.0,all_components,m,0.0,400.0,0.25,1601,0.06939037041314933,4.815023506074069e-07,0.9999997592424824,5.0876299776260014e-05,5.0875919572199884e-05,1.0000074731634008,3.419342966584139e-08,2.0441776007254353e-09
raw,disp,spgrn2012,spgrn2020,900.0,East,m,0.0,400.0,0.25,1601,0.22578022897378774,5.097671179545602e-06,0.9999974510743517,5.4136376040137285e-06,5.4067310569255066e-06,1.0012773979351859,2.4961625786465643e-08,1.5373832466224273e-09
raw,disp,spgrn2012,spgrn2020,900.0,North,m,0.0,400.0,0.25,1601,0.08883108956395352,7.890962473119134e-07,0.9999996052482429,9.203281045894854e-06,9.20312035989363e-06,1.0000174599478155,1.61253941176147e-08,1.2444066669335464e-09
raw,disp,spgrn2012,spgrn2020,900.0,Up,m,0.0,400.0,0.25,1601,0.023609900997811854,5.5742742512647715e-08,0.999999972137988,2.8203410001593017e-05,2.8204263866392105e-05,0.9999697256839203,7.203106874164421e-09,8.110525858163635e-10
raw,disp,spgrn2012,spgrn2020,900.0,all_components,m,0.0,400.0,0.25,1601,0.056676006644325684,3.2121697291476487e-07,0.9999998393998671,2.8203410001593017e-05,2.8204263866392105e-05,0.9999697256839203,2.4961625786465643e-08,1.234220603817565e-09
raw,disp,spgrn2020,spgrn2020,300.0,East,m,0.0,400.0,0.25,1601,0.0,0.0,1.0,2.617031104740955e-05,2.617031104740955e-05,1.0,0.0,0.0
raw,disp,spgrn2020,spgrn2020,300.0,North,m,0.0,400.0,0.25,1601,0.0,0.0,1.0,3.057569037745363e-05,3.057569037745363e-05,1.0,0.0,0.0
raw,disp,spgrn2020,spgrn2020,300.0,Up,m,0.0,400.0,0.25,1601,0.0,0.0,0.9999999999999999,9.014476279598402e-05,9.014476279598402e-05,1.0,0.0,0.0
raw,disp,spgrn2020,spgrn2020,300.0,all_components,m,0.0,400.0,0.25,1601,0.0,0.0,0.9999999999999999,9.014476279598402e-05,9.014476279598402e-05,1.0,0.0,0.0
raw,disp,spgrn2020,spgrn2020,600.0,East,m,0.0,400.0,0.25,1601,0.0,0.0,0.9999999999999999,6.802973620541636e-06,6.802973620541636e-06,1.0,0.0,0.0
raw,disp,spgrn2020,spgrn2020,600.0,North,m,0.0,400.0,0.25,1601,0.0,0.0,1.0,1.3226644372000243e-05,1.3226644372000243e-05,1.0,0.0,0.0
raw,disp,spgrn2020,spgrn2020,600.0,Up,m,0.0,400.0,0.25,1601,0.0,0.0,1.0,5.0875919572199884e-05,5.0875919572199884e-05,1.0,0.0,0.0
raw,disp,spgrn2020,spgrn2020,600.0,all_components,m,0.0,400.0,0.25,1601,0.0,0.0,1.0,5.0875919572199884e-05,5.0875919572199884e-05,1.0,0.0,0.0
raw,disp,spgrn2020,spgrn2020,900.0,East,m,0.0,400.0,0.25,1601,0.0,0.0,1.0,5.4067310569255066e-06,5.4067310569255066e-06,1.0,0.0,0.0
raw,disp,spgrn2020,spgrn2020,900.0,North,m,0.0,400.0,0.25,1601,0.0,0.0,1.0,9.20312035989363e-06,9.20312035989363e-06,1.0,0.0,0.0
raw,disp,spgrn2020,spgrn2020,900.0,Up,m,0.0,400.0,0.25,1601,0.0,0.0,1.0,2.8204263866392105e-05,2.8204263866392105e-05,1.0,0.0,0.0
raw,disp,spgrn2020,spgrn2020,900.0,all_components,m,0.0,400.0,0.25,1601,0.0,0.0,1.0,2.8204263866392105e-05,2.8204263866392105e-05,1.0,0.0,0.0
raw,disp,qssp2020,spgrn2020,300.0,East,m,0.0,400.0,0.25,1601,0.37603151897800424,1.4139970326490518e-05,0.9999940489832513,2.6174534812846163e-05,2.617031104740955e-05,1.0001613953089423,5.198339012815125e-08,6.456655768330702e-09
raw,disp,qssp2020,spgrn2020,300.0,North,m,0.0,400.0,0.25,1601,0.4618566004273623,2.133115193583202e-05,0.9999900546609524,3.0588191479407226e-05,3.057569037745363e-05,1.00040885755315,1.1892919054967361e-07,1.3151439894707216e-08
raw,disp,qssp2020,spgrn2020,300.0,Up,m,0.0,400.0,0.25,1601,0.23001427761493234,5.2906567906719175e-06,0.9999974142113326,9.018164171624112e-05,9.014476279598402e-05,1.000409107740852,1.4232179252964436e-07,1.6465596269802695e-08
raw,disp,qssp2020,spgrn2020,300.0,all_components,m,0.0,400.0,0.25,1601,0.27923241678058563,7.797074258112668e-06,0.9999963018045274,9.018164171624112e-05,9.014476279598402e-05,1.000409107740852,1.4232179252964436e-07,1.2724839691654995e-08
raw,disp,qssp2020,spgrn2020,600.0,East,m,0.0,400.0,0.25,1601,0.4950287372473548,2.4505345070071065e-05,0.9999914365248768,6.803254214597282e-06,6.802973620541636e-06,1.0000412457950445,1.5803467660892215e-08,4.475463266339022e-09
raw,disp,qssp2020,spgrn2020,600.0,North,m,0.0,400.0,0.25,1601,0.3654468068373968,1.3355136862764957e-05,0.9999949569728017,1.3228000556438577e-05,1.3226644372000243e-05,1.000102534278551,2.9129815526161422e-08,6.7109216073122505e-09
raw,disp,qssp2020,spgrn2020,600.0,Up,m,0.0,400.0,0.25,1601,0.22112591662140813,4.8896671001657945e-06,0.9999978238601767,5.087566013680163e-05,5.0875919572199884e-05,0.9999949006248843,8.278118240592614e-08,1.033525750882802e-08
raw,disp,qssp2020,spgrn2020,600.0,all_components,m,0.0,400.0,0.25,1601,0.25694336734595613,6.601989402307896e-06,0.999997241928812,5.087566013680163e-05,5.0875919572199884e-05,0.9999949006248843,8.278118240592614e-08,7.569319389078217e-09
raw,disp,qssp2020,spgrn2020,900.0,East,m,0.0,400.0,0.25,1601,0.6230643012097042,3.882091234419371e-05,0.9999874307807102,5.41350630225532e-06,5.4067310569255066e-06,1.0012531130656361,1.2498198911926943e-08,4.242570851318946e-09
raw,disp,qssp2020,spgrn2020,900.0,North,m,0.0,400.0,0.25,1601,0.4417729549327772,1.9516334371003763e-05,0.999993220336428,9.211834499012624e-06,9.20312035989363e-06,1.000946867885915,1.8541824571003278e-08,6.188657744578205e-09
raw,disp,qssp2020,spgrn2020,900.0,Up,m,0.0,400.0,0.25,1601,0.21108630363150838,4.4557427580813345e-06,0.999998126128872,2.821390558018035e-05,2.8204263866392105e-05,1.0003418530557622,5.202384163670373e-08,7.251283790076874e-09
raw,disp,qssp2020,spgrn2020,900.0,all_components,m,0.0,400.0,0.25,1601,0.2766431343527889,7.653142378453522e-06,0.9999970799221821,2.821390558018035e-05,2.8204263866392105e-05,1.0003418530557622,5.202384163670373e-08,6.02439509307008e-09
raw,stress,qseis2025,qssp2020,300.0,ee,Pa,0.0,400.0,0.25,1601,5.828043540758519,0.0033966091512977093,0.9983076871904069,398.77175389292756,404.0835075732097,0.9868548119863075,28.015143774163278,1.788158053988046
raw,stress,qseis2025,qssp2020,300.0,en,Pa,0.0,400.0,0.25,1601,7.024254896466653,0.004934015685053575,0.9976338704203016,439.00116571028923,434.7616057133222,1.0097514590553853,33.465596879417575,2.1653618937808763
raw,stress,qseis2025,qssp2020,300.0,eu,Pa,0.0,400.0,0.25,1601,6.637844237677058,0.004406097612366253,0.9979052638237712,203.753145453443,204.96726112338862,0.9940765385491748,15.110781207628861,0.9718589566698337
raw,stress,qseis2025,qssp2020,300.0,nn,Pa,0.0,400.0,0.25,1601,5.822823479618278,0.003390527327479391,0.9983654376137917,951.2780499556236,954.7381506878542,0.9963758641783219,52.42019674893146,4.13274948458566
raw,stress,qseis2025,qssp2020,300.0,nu,Pa,0.0,400.0,0.25,1601,6.298288338840166,0.003966843599917003,0.9980231181260456,555.0118595022067,558.9490498717475,0.9929560836172022,39.97946544224304,2.21233513336135
raw,stress,qseis2025,qssp2020,300.0,uu,Pa,0.0,400.0,0.25,1601,7.964032649155593,0.006342581603681626,0.997141899199317,1169.6760506759852,1179.9253083888177,0.9913136385498605,76.01213551061767,5.066295442715374
raw,stress,qseis2025,qssp2020,300.0,all_components,Pa,0.0,400.0,0.25,1601,6.7419234454309125,0.0045453531744051034,0.9978350472697612,1169.6760506759852,1179.9253083888177,0.9913136385498605,76.01213551061767,3.067903892080785
raw,stress,qseis2025,qssp2020,600.0,ee,Pa,0.0,400.0,0.25,1601,10.379213335765177,0.01077280694693257,0.994660189410324,243.141657562242,241.23277720871982,1.0079130223330743,21.178010845999864,2.0287849673139364
raw,stress,qseis2025,qssp2020,600.0,en,Pa,0.0,400.0,0.25,1601,11.765069606958841,0.013841686285658664,0.9931766911739612,152.9788845501589,150.35694694722406,1.0174380875388163,16.598030778652486,1.7721142104260672
raw,stress,qseis2025,qssp2020,600.0,eu,Pa,0.0,400.0,0.25,1601,12.82232469514958,0.01644120105878428,0.9919094398518037,129.7471332568569,121.03830202423323,1.071951036052043,16.62880195676273,0.9808103324582493
raw,stress,qseis2025,qssp2020,600.0,nn,Pa,0.0,400.0,0.25,1601,10.36102339596281,0.010735080581168873,0.9947732443944237,529.9476946420376,534.5798472198962,0.9913349659513947,61.38233808316011,4.6072211246073955
raw,stress,qseis2025,qssp2020,600.0,nu,Pa,0.0,400.0,0.25,1601,11.95110247026687,0.014282885025481888,0.9929148817220893,315.6853532015373,325.94169835699614,0.9685331910364371,46.189094672535944,2.5088814262937107
raw,stress,qseis2025,qssp2020,600.0,uu,Pa,0.0,400.0,0.25,1601,14.973952883190572,0.022421926494801125,0.9899583107336497,434.42486215915324,448.83067789128705,0.9679036740540647,59.74459521709039,4.615584365976814
raw,stress,qseis2025,qssp2020,600.0,all_components,Pa,0.0,400.0,0.25,1601,11.889061961814683,0.01413497943318688,0.9931970991524226,529.9476946420376,534.5798472198962,0.9913349659513947,61.38233808316011,3.0833676845382785
raw,stress,qseis2025,qssp2020,900.0,ee,Pa,0.0,400.0,0.25,1601,14.210247764693298,0.020193114153397085,0.9899857442292634,145.66174566879928,148.1971866510356,0.9828914364737126,21.2014178655849,1.9810754818571086
raw,stress,qseis2025,qssp2020,900.0,en,Pa,0.0,400.0,0.25,1601,16.392667654840917,0.02687195528420676,0.9868522434386331,103.50268381800802,107.38241875100837,0.9638699241633173,17.866085736070552,1.7490713640913877
raw,stress,qseis2025,qssp2020,900.0,eu,Pa,0.0,400.0,0.25,1601,18.66610009864007,0.03484232928924507,0.98284845966103,74.53450705158394,71.5648934309784,1.0414953963911038,16.325349155160854,0.9976951431434417
raw,stress,qseis2025,qssp2020,900.0,nn,Pa,0.0,400.0,0.25,1601,13.656934244171262,0.018651185294961767,0.9908147544453004,332.03879350771024,334.12817811927755,0.993746757237513,48.548281000856754,4.3129574577150835
raw,stress,qseis2025,qssp2020,900.0,nu,Pa,0.0,400.0,0.25,1601,17.425721865525773,0.0303655782534663,0.9848965145253556,206.35430372290287,197.73490855203733,1.04359066001033,44.94052172056003,2.4931294696468664
raw,stress,qseis2025,qssp2020,900.0,uu,Pa,0.0,400.0,0.25,1601,22.134491433295196,0.04899357110106184,0.9779151583512949,187.01784145889766,174.6226905906951,1.0709824755664545,33.562525231711,3.8993041990676387
raw,stress,qseis2025,qssp2020,900.0,all_components,Pa,0.0,400.0,0.25,1601,16.111664026907498,0.025958571771594503,0.9873572680196789,332.03879350771024,334.12817811927755,0.993746757237513,48.548281000856754,2.8284617763459416
raw,stress,qssp2020,qssp2020,300.0,ee,Pa,0.0,400.0,0.25,1601,0.0,0.0,1.0,404.0835075732097,404.0835075732097,1.0,0.0,0.0
raw,stress,qssp2020,qssp2020,300.0,en,Pa,0.0,400.0,0.25,1601,0.0,0.0,1.0,434.7616057133222,434.7616057133222,1.0,0.0,0.0
raw,stress,qssp2020,qssp2020,300.0,eu,Pa,0.0,400.0,0.25,1601,0.0,0.0,1.0,204.96726112338862,204.96726112338862,1.0,0.0,0.0
raw,stress,qssp2020,qssp2020,300.0,nn,Pa,0.0,400.0,0.25,1601,0.0,0.0,1.0,954.7381506878542,954.7381506878542,1.0,0.0,0.0
raw,stress,qssp2020,qssp2020,300.0,nu,Pa,0.0,400.0,0.25,1601,0.0,0.0,0.9999999999999999,558.9490498717475,558.9490498717475,1.0,0.0,0.0
raw,stress,qssp2020,qssp2020,300.0,uu,Pa,0.0,400.0,0.25,1601,0.0,0.0,1.0,1179.9253083888177,1179.9253083888177,1.0,0.0,0.0
raw,stress,qssp2020,qssp2020,300.0,all_components,Pa,0.0,400.0,0.25,1601,0.0,0.0,0.9999999999999998,1179.9253083888177,1179.9253083888177,1.0,0.0,0.0
raw,stress,qssp2020,qssp2020,600.0,ee,Pa,0.0,400.0,0.25,1601,0.0,0.0,1.0,241.23277720871982,241.23277720871982,1.0,0.0,0.0
raw,stress,qssp2020,qssp2020,600.0,en,Pa,0.0,400.0,0.25,1601,0.0,0.0,1.0,150.35694694722406,150.35694694722406,1.0,0.0,0.0
raw,stress,qssp2020,qssp2020,600.0,eu,Pa,0.0,400.0,0.25,1601,0.0,0.0,1.0,121.03830202423323,121.03830202423323,1.0,0.0,0.0
raw,stress,qssp2020,qssp2020,600.0,nn,Pa,0.0,400.0,0.25,1601,0.0,0.0,1.0,534.5798472198962,534.5798472198962,1.0,0.0,0.0
raw,stress,qssp2020,qssp2020,600.0,nu,Pa,0.0,400.0,0.25,1601,0.0,0.0,0.9999999999999999,325.94169835699614,325.94169835699614,1.0,0.0,0.0
raw,stress,qssp2020,qssp2020,600.0,uu,Pa,0.0,400.0,0.25,1601,0.0,0.0,1.0,448.83067789128705,448.83067789128705,1.0,0.0,0.0
raw,stress,qssp2020,qssp2020,600.0,all_components,Pa,0.0,400.0,0.25,1601,0.0,0.0,0.9999999999999999,534.5798472198962,534.5798472198962,1.0,0.0,0.0
raw,stress,qssp2020,qssp2020,900.0,ee,Pa,0.0,400.0,0.25,1601,0.0,0.0,1.0,148.1971866510356,148.1971866510356,1.0,0.0,0.0
raw,stress,qssp2020,qssp2020,900.0,en,Pa,0.0,400.0,0.25,1601,0.0,0.0,1.0,107.38241875100837,107.38241875100837,1.0,0.0,0.0
raw,stress,qssp2020,qssp2020,900.0,eu,Pa,0.0,400.0,0.25,1601,0.0,0.0,1.0,71.5648934309784,71.5648934309784,1.0,0.0,0.0
raw,stress,qssp2020,qssp2020,900.0,nn,Pa,0.0,400.0,0.25,1601,0.0,0.0,0.9999999999999999,334.12817811927755,334.12817811927755,1.0,0.0,0.0
raw,stress,qssp2020,qssp2020,900.0,nu,Pa,0.0,400.0,0.25,1601,0.0,0.0,1.0,197.73490855203733,197.73490855203733,1.0,0.0,0.0
raw,stress,qssp2020,qssp2020,900.0,uu,Pa,0.0,400.0,0.25,1601,0.0,0.0,1.0,174.6226905906951,174.6226905906951,1.0,0.0,0.0
raw,stress,qssp2020,qssp2020,900.0,all_components,Pa,0.0,400.0,0.25,1601,0.0,0.0,1.0,334.12817811927755,334.12817811927755,1.0,0.0,0.0
lowpass_0p4Hz,disp,qseis06,spgrn2020,300.0,East,m,0.0,400.0,0.25,1601,16.350358984928928,0.026733423893604613,0.9949435617805218,1.6522871496086565e-05,1.957598105537681e-05,0.8440379794681264,3.30703010131009e-06,2.5596402588860205e-07
lowpass_0p4Hz,disp,qseis06,spgrn2020,300.0,North,m,0.0,400.0,0.25,1601,16.5289433685563,0.027320596888094118,0.9948608052917611,2.5775329932117115e-05,3.0755381329297416e-05,0.8380754462492608,5.48423337823102e-06,4.621510764285921e-07
lowpass_0p4Hz,disp,qseis06,spgrn2020,300.0,Up,m,0.0,400.0,0.25,1601,23.993147336138453,0.057567111909364775,0.9796463430639717,5.546374756887784e-05,8.001770173979601e-05,0.6931434715437909,2.4553954170918167e-05,1.6340350620525106e-06
lowpass_0p4Hz,disp,qseis06,spgrn2020,300.0,all_components,m,0.0,400.0,0.25,1601,22.81648953427023,0.052059219466746284,0.9824337774251686,5.546374756887784e-05,8.001770173979601e-05,0.6931434715437909,2.4553954170918167e-05,9.914924413916225e-07
lowpass_0p4Hz,disp,qseis06,spgrn2020,600.0,East,m,0.0,400.0,0.25,1601,19.676779274572926,0.03871756426202626,0.9864880775093252,5.269397466872726e-06,4.986209872917369e-06,1.05679415852379,1.572629718718592e-06,1.6175604869876504e-07
lowpass_0p4Hz,disp,qseis06,spgrn2020,600.0,North,m,0.0,400.0,0.25,1601,16.99541822919333,0.028884424078519693,0.9939400517132251,1.0902945822837829e-05,1.3061933030954519e-05,0.8347115083961719,3.0311798609656e-06,3.0831935080686227e-07
lowpass_0p4Hz,disp,qseis06,spgrn2020,600.0,Up,m,0.0,400.0,0.25,1601,23.158888843988002,0.053633413248819185,0.9831802130197814,3.0496666943211037e-05,4.296787072845295e-05,0.7097551362491976,1.367319412916836e-05,1.0461467308168715e-06
lowpass_0p4Hz,disp,qseis06,spgrn2020,600.0,all_components,m,0.0,400.0,0.25,1601,22.33336428535495,0.0498779160302368,0.984697451160049,3.0496666943211037e-05,4.296787072845295e-05,0.7097551362491976,1.367319412916836e-05,6.365660017551021e-07
lowpass_0p4Hz,disp,qseis06,spgrn2020,900.0,East,m,0.0,400.0,0.25,1601,19.546020685602574,0.03820469246420037,0.9873175217115162,4.033648027726849e-06,4.483947919810008e-06,0.8995751288515771,1.195628378603905e-06,1.2337795265255238e-07
lowpass_0p4Hz,disp,qseis06,spgrn2020,900.0,North,m,0.0,400.0,0.25,1601,17.810556068089173,0.0317215907454548,0.9918754698259324,8.412786488774184e-06,9.250087552363776e-06,0.9094818228638683,2.198221739223851e-06,2.47761033056222e-07
lowpass_0p4Hz,disp,qseis06,spgrn2020,900.0,Up,m,0.0,400.0,0.25,1601,23.597103664526138,0.055682330135439294,0.9814530874640499,2.284284261647252e-05,2.739820520051419e-05,0.8337350001321919,9.315343123806e-06,7.899183718548613e-07
lowpass_0p4Hz,disp,qseis06,spgrn2020,900.0,all_components,m,0.0,400.0,0.25,1601,22.747177199535226,0.05174340705470552,0.983095844546027,2.284284261647252e-05,2.739820520051419e-05,0.8337350001321919,9.315343123806e-06,4.832455148595645e-07
lowpass_0p4Hz,disp,qseis2025,spgrn2020,300.0,East,m,0.0,400.0,0.25,1601,2.681044520540842,0.0007187999721122072,0.9996544715223593,1.9541087713713064e-05,1.957598105537681e-05,0.9982175431430467,4.340600578089991e-07,4.197161357110067e-08
lowpass_0p4Hz,disp,qseis2025,spgrn2020,300.0,North,m,0.0,400.0,0.25,1601,3.3591871560832125,0.001128413834959442,0.9994982216729865,3.097105198332102e-05,3.0755381329297416e-05,1.0070124526083557,1.2030126226925735e-06,9.392324273203404e-08
lowpass_0p4Hz,disp,qseis2025,spgrn2020,300.0,Up,m,0.0,400.0,0.25,1601,3.6039765212253827,0.0012988646765543811,0.9993732310551962,7.985854227207014e-05,8.001770173979601e-05,0.9980109467747095,3.061148749961938e-06,2.454460815828971e-07
lowpass_0p4Hz,disp,qseis2025,spgrn2020,300.0,all_components,m,0.0,400.0,0.25,1601,3.535884946392988,0.0012502482354128542,0.9993983991890141,7.985854227207014e-05,8.001770173979601e-05,0.9980109467747095,3.061148749961938e-06,1.536521730353556e-07
lowpass_0p4Hz,disp,qseis2025,spgrn2020,600.0,East,m,0.0,400.0,0.25,1601,7.128976292223764,0.005082230297508848,0.9975488214588982,5.027928430598518e-06,4.986209872917369e-06,1.0083667873483915,4.36641959467187e-07,5.860486719935101e-08
lowpass_0p4Hz,disp,qseis2025,spgrn2020,600.0,North,m,0.0,400.0,0.25,1601,6.447136010178485,0.004156556273374016,0.9980174577014496,1.2999213906428862e-05,1.3061933030954519e-05,0.995198327508109,1.0076782194619137e-06,1.1695956889176963e-07
lowpass_0p4Hz,disp,qseis2025,spgrn2020,600.0,Up,m,0.0,400.0,0.25,1601,6.894593727543784,0.004753542266788609,0.9976530503925405,4.3460431579850796e-05,4.296787072845295e-05,1.011463468937307,3.4341577390359305e-06,3.114465783298085e-07
lowpass_0p4Hz,disp,qseis2025,spgrn2020,600.0,all_components,m,0.0,400.0,0.25,1601,6.842545987331962,0.004682043558875274,0.9976961463138851,4.3460431579850796e-05,4.296787072845295e-05,1.011463468937307,3.4341577390359305e-06,1.9503251213421462e-07
lowpass_0p4Hz,disp,qseis2025,spgrn2020,900.0,East,m,0.0,400.0,0.25,1601,10.714256747366708,0.011479529764849304,0.9944843363697511,4.530988454704218e-06,4.483947919810008e-06,1.0104908745006573,5.703171168225674e-07,6.763029073521864e-08
lowpass_0p4Hz,disp,qseis2025,spgrn2020,900.0,North,m,0.0,400.0,0.25,1601,9.765176421574068,0.009535867054446614,0.9953902841436573,9.357794309332078e-06,9.250087552363776e-06,1.0116438635157328,1.1396639403989675e-06,1.3584248514959612e-07
lowpass_0p4Hz,disp,qseis2025,spgrn2020,900.0,Up,m,0.0,400.0,0.25,1601,10.78745463044006,0.011636917740380266,0.9942681262204194,2.782685163058373e-05,2.739820520051419e-05,1.015645055102423,3.906464165525806e-06,3.611124788566933e-07
lowpass_0p4Hz,disp,qseis2025,spgrn2020,900.0,all_components,m,0.0,400.0,0.25,1601,10.645183345331818,0.011331992845572993,0.9944325638193898,2.782685163058373e-05,2.739820520051419e-05,1.015645055102423,3.906464165525806e-06,2.261483726690468e-07
lowpass_0p4Hz,disp,spgrn2012,spgrn2020,300.0,East,m,0.0,400.0,0.25,1601,0.007576659904733514,5.740577531199646e-09,0.9999999976079336,1.9577177267568448e-05,1.957598105537681e-05,1.000061106117147,1.487858360926358e-09,1.1861221969450062e-10
lowpass_0p4Hz,disp,spgrn2012,spgrn2020,300.0,North,m,0.0,400.0,0.25,1601,0.004712926358084735,2.2211674856729838e-09,0.9999999988906786,3.0755087890519074e-05,3.0755381329297416e-05,0.9999904589452102,9.221229682813254e-10,1.3177393986726367e-10
lowpass_0p4Hz,disp,spgrn2012,spgrn2020,300.0,Up,m,0.0,400.0,0.25,1601,0.005384278863249008,2.899045887723003e-09,0.9999999985502026,8.001667051478782e-05,8.001770173979601e-05,0.9999871125390286,3.390414234110588e-09,3.6669221937237983e-10
lowpass_0p4Hz,disp,spgrn2012,spgrn2020,300.0,all_components,m,0.0,400.0,0.25,1601,0.0054114953531439105,2.928428195709813e-09,0.9999999985376107,8.001667051478782e-05,8.001770173979601e-05,0.9999871125390286,3.390414234110588e-09,2.3515697851806657e-10
lowpass_0p4Hz,disp,spgrn2012,spgrn2020,600.0,East,m,0.0,400.0,0.25,1601,0.014029025439930863,1.968135547942274e-08,0.9999999901580805,4.985754388686685e-06,4.986209872917369e-06,0.999908651211583,8.421979368626195e-10,1.1532780291895227e-10
lowpass_0p4Hz,disp,spgrn2012,spgrn2020,600.0,North,m,0.0,400.0,0.25,1601,0.00891185565759677,7.942117126183957e-09,0.9999999960240462,1.3062136522115471e-05,1.3061933030954519e-05,1.0000155789468885,1.2900988174507634e-09,1.616728411022525e-10
lowpass_0p4Hz,disp,spgrn2012,spgrn2020,600.0,Up,m,0.0,400.0,0.25,1601,0.010288957354424361,1.0586264344116314e-08,0.9999999947518312,4.2969532966817484e-05,4.296787072845295e-05,1.0000386856117456,3.944807663638973e-09,4.647787366810347e-10
lowpass_0p4Hz,disp,spgrn2012,spgrn2020,600.0,all_components,m,0.0,400.0,0.25,1601,0.010237872998975167,1.0481404354314478e-08,0.9999999947904014,4.2969532966817484e-05,4.296787072845295e-05,1.0000386856117456,3.944807663638973e-09,2.9180923206037966e-10
lowpass_0p4Hz,disp,spgrn2012,spgrn2020,900.0,East,m,0.0,400.0,0.25,1601,0.02281204749651707,5.203895109833506e-08,0.9999999739846117,4.484150540297817e-06,4.483947919810008e-06,1.0000451879663708,1.1462685574239075e-09,1.4399369371414803e-10
lowpass_0p4Hz,disp,spgrn2012,spgrn2020,900.0,North,m,0.0,400.0,0.25,1601,0.01354660653058172,1.835105484943993e-08,0.9999999908195379,9.25025849266832e-06,9.250087552363776e-06,1.0000184798580096,1.2578301404037735e-09,1.8844561705945532e-10
lowpass_0p4Hz,disp,spgrn2012,spgrn2020,900.0,Up,m,0.0,400.0,0.25,1601,0.014067740760324401,1.9790133009969253e-08,0.999999990106684,2.7397982539458125e-05,2.739820520051419e-05,0.9999918731517471,3.259481303119542e-09,4.709207975289398e-10
lowpass_0p4Hz,disp,spgrn2012,spgrn2020,900.0,all_components,m,0.0,400.0,0.25,1601,0.014329501484794935,2.0533461280274028e-08,0.9999999897340346,2.7397982539458125e-05,2.739820520051419e-05,0.9999918731517471,3.259481303119542e-09,3.044187532351095e-10
lowpass_0p4Hz,disp,spgrn2020,spgrn2020,300.0,East,m,0.0,400.0,0.25,1601,0.0,0.0,1.0,1.957598105537681e-05,1.957598105537681e-05,1.0,0.0,0.0
lowpass_0p4Hz,disp,spgrn2020,spgrn2020,300.0,North,m,0.0,400.0,0.25,1601,0.0,0.0,1.0,3.0755381329297416e-05,3.0755381329297416e-05,1.0,0.0,0.0
lowpass_0p4Hz,disp,spgrn2020,spgrn2020,300.0,Up,m,0.0,400.0,0.25,1601,0.0,0.0,1.0,8.001770173979601e-05,8.001770173979601e-05,1.0,0.0,0.0
lowpass_0p4Hz,disp,spgrn2020,spgrn2020,300.0,all_components,m,0.0,400.0,0.25,1601,0.0,0.0,0.9999999999999999,8.001770173979601e-05,8.001770173979601e-05,1.0,0.0,0.0
lowpass_0p4Hz,disp,spgrn2020,spgrn2020,600.0,East,m,0.0,400.0,0.25,1601,0.0,0.0,0.9999999999999998,4.986209872917369e-06,4.986209872917369e-06,1.0,0.0,0.0
lowpass_0p4Hz,disp,spgrn2020,spgrn2020,600.0,North,m,0.0,400.0,0.25,1601,0.0,0.0,1.0,1.3061933030954519e-05,1.3061933030954519e-05,1.0,0.0,0.0
lowpass_0p4Hz,disp,spgrn2020,spgrn2020,600.0,Up,m,0.0,400.0,0.25,1601,0.0,0.0,1.0,4.296787072845295e-05,4.296787072845295e-05,1.0,0.0,0.0
lowpass_0p4Hz,disp,spgrn2020,spgrn2020,600.0,all_components,m,0.0,400.0,0.25,1601,0.0,0.0,1.0,4.296787072845295e-05,4.296787072845295e-05,1.0,0.0,0.0
lowpass_0p4Hz,disp,spgrn2020,spgrn2020,900.0,East,m,0.0,400.0,0.25,1601,0.0,0.0,0.9999999999999999,4.483947919810008e-06,4.483947919810008e-06,1.0,0.0,0.0
lowpass_0p4Hz,disp,spgrn2020,spgrn2020,900.0,North,m,0.0,400.0,0.25,1601,0.0,0.0,1.0,9.250087552363776e-06,9.250087552363776e-06,1.0,0.0,0.0
lowpass_0p4Hz,disp,spgrn2020,spgrn2020,900.0,Up,m,0.0,400.0,0.25,1601,0.0,0.0,1.0,2.739820520051419e-05,2.739820520051419e-05,1.0,0.0,0.0
lowpass_0p4Hz,disp,spgrn2020,spgrn2020,900.0,all_components,m,0.0,400.0,0.25,1601,0.0,0.0,1.0,2.739820520051419e-05,2.739820520051419e-05,1.0,0.0,0.0
lowpass_0p4Hz,disp,qssp2020,spgrn2020,300.0,East,m,0.0,400.0,0.25,1601,0.3957573144485764,1.5662385193954943e-05,0.9999935133657717,1.9568302527803027e-05,1.957598105537681e-05,0.9996077577132885,4.1336441266958294e-08,6.195560328338525e-09
lowpass_0p4Hz,disp,qssp2020,spgrn2020,300.0,North,m,0.0,400.0,0.25,1601,0.43267540974878005,1.872080102012747e-05,0.9999913668745694,3.0752127512513785e-05,3.0755381329297416e-05,0.9998942033347338,8.194704051460425e-08,1.2097652094324175e-08
lowpass_0p4Hz,disp,qssp2020,spgrn2020,300.0,Up,m,0.0,400.0,0.25,1601,0.22942200963605627,5.2634458505446705e-06,0.9999974393547808,8.004490804118803e-05,8.001770173979601e-05,1.000340003534224,1.4605217621657904e-07,1.5624611581791757e-08
lowpass_0p4Hz,disp,qssp2020,spgrn2020,300.0,all_components,m,0.0,400.0,0.25,1601,0.2751439224617133,7.570417806761731e-06,0.9999964382510558,8.004490804118803e-05,8.001770173979601e-05,1.000340003534224,1.4605217621657904e-07,1.1956401926154449e-08
lowpass_0p4Hz,disp,qssp2020,spgrn2020,600.0,East,m,0.0,400.0,0.25,1601,0.5382344440260091,2.8969631673598705e-05,0.9999899775445097,4.984101016540677e-06,4.986209872917369e-06,0.9995770622516019,1.4200476616404313e-08,4.424640624582781e-09
lowpass_0p4Hz,disp,qssp2020,spgrn2020,600.0,North,m,0.0,400.0,0.25,1601,0.36023660764353826,1.2977041348652451e-05,0.9999951855537043,1.306222248853095e-05,1.3061933030954519e-05,1.0000221603935455,2.5821045192282178e-08,6.535168214615557e-09
lowpass_0p4Hz,disp,qssp2020,spgrn2020,600.0,Up,m,0.0,400.0,0.25,1601,0.22195025965571538,4.926191776123948e-06,0.9999978247763133,4.2967480261085875e-05,4.296787072845295e-05,0.9999909125735007,7.966293762715884e-08,1.0026065590062155e-08
lowpass_0p4Hz,disp,qssp2020,spgrn2020,600.0,all_components,m,0.0,400.0,0.25,1601,0.25845668277787387,6.679985687254253e-06,0.999997240203055,4.2967480261085875e-05,4.296787072845295e-05,0.9999909125735007,7.966293762715884e-08,7.366769067152351e-09
lowpass_0p4Hz,disp,qssp2020,spgrn2020,900.0,East,m,0.0,400.0,0.25,1601,0.669590474038904,4.483514029236443e-05,0.9999855399289924,4.49087580805511e-06,4.483947919810008e-06,1.0015450420854566,1.2502179856853253e-08,4.2265739472701884e-09
lowpass_0p4Hz,disp,qssp2020,spgrn2020,900.0,North,m,0.0,400.0,0.25,1601,0.44284774133609567,1.9611412200648152e-05,0.9999932165668611,9.258609307527921e-06,9.250087552363776e-06,1.0009212621086996,1.8411323585539827e-08,6.160414838289613e-09
lowpass_0p4Hz,disp,qssp2020,spgrn2020,900.0,Up,m,0.0,400.0,0.25,1601,0.21227216309925248,4.505947122683565e-06,0.9999981198598082,2.7387893455210464e-05,2.739820520051419e-05,0.9996236342771996,4.933371345870508e-08,7.105858576938123e-09
lowpass_0p4Hz,disp,qssp2020,spgrn2020,900.0,all_components,m,0.0,400.0,0.25,1601,0.28020878592759635,7.851696371101753e-06,0.9999970268652577,2.7387893455210464e-05,2.739820520051419e-05,0.9996236342771996,4.933371345870508e-08,5.952810664635852e-09
lowpass_0p4Hz,stress,qseis2025,qssp2020,300.0,ee,Pa,0.0,400.0,0.25,1601,4.050909943082223,0.0016409871366962414,0.9991810730000814,345.9235523685972,347.06226047848173,0.9967190091244302,13.99750805566483,1.0519490559981146
lowpass_0p4Hz,stress,qseis2025,qssp2020,300.0,en,Pa,0.0,400.0,0.25,1601,3.2811180360294796,0.0010765735566357951,0.9994658786027866,215.48055042090647,214.79655579588982,1.0031843835786018,8.08666076934307,0.6387215413928341
lowpass_0p4Hz,stress,qseis2025,qssp2020,300.0,eu,Pa,0.0,400.0,0.25,1601,5.182770109900926,0.0026861106012082457,0.998659270822028,129.0350273687332,127.64240881939313,1.0109103123501106,7.43826268353507,0.46594755449234915
lowpass_0p4Hz,stress,qseis2025,qssp2020,300.0,nn,Pa,0.0,400.0,0.25,1601,3.990429676379715,0.0015923529002131915,0.9992161628757107,855.8008265423643,855.2806799710092,1.0006081589161733,33.64706141721376,2.485451240918054
lowpass_0p4Hz,stress,qseis2025,qssp2020,300.0,nu,Pa,0.0,400.0,0.25,1601,5.286069306181432,0.002794252870975344,0.9986073700257869,354.66118540969234,352.46123052400594,1.0062416932563496,20.43223269460514,1.293235212724568
lowpass_0p4Hz,stress,qseis2025,qssp2020,300.0,uu,Pa,0.0,400.0,0.25,1601,5.46742307132719,0.0029892715040880837,0.9985109206535344,281.1831174728288,281.9220882855853,0.9973788119361265,15.238005184050124,1.1185014980238799
lowpass_0p4Hz,stress,qseis2025,qssp2020,300.0,all_components,Pa,0.0,400.0,0.25,1601,4.238243461886703,0.0017962707642225385,0.9991105190182257,855.8008265423643,855.2806799710092,1.0006081589161733,33.64706141721376,1.3436666212820723
lowpass_0p4Hz,stress,qseis2025,qssp2020,600.0,ee,Pa,0.0,400.0,0.25,1601,8.224302962406805,0.006763915921745334,0.9966313674344339,194.46068295008595,192.09308010378035,1.0123252896201491,16.65495554515408,1.3456987772266733
lowpass_0p4Hz,stress,qseis2025,qssp2020,600.0,en,Pa,0.0,400.0,0.25,1601,7.987639340229098,0.006380238222957553,0.9968480555413177,112.10686187731085,111.22634937429258,1.0079164020753322,9.381861464586507,0.8532139775633959
lowpass_0p4Hz,stress,qseis2025,qssp2020,600.0,eu,Pa,0.0,400.0,0.25,1601,9.874643476578173,0.009750858378952789,0.9951510159218395,77.87631621095693,77.48382558624017,1.0050654523282399,8.864220960473649,0.5796608244128421
lowpass_0p4Hz,stress,qseis2025,qssp2020,600.0,nn,Pa,0.0,400.0,0.25,1601,7.800013220327028,0.0060840206237276415,0.9969866711962729,466.2511082649242,459.06913603635405,1.0156446418737273,39.219298288620806,3.17415423392457
lowpass_0p4Hz,stress,qseis2025,qssp2020,600.0,nu,Pa,0.0,400.0,0.25,1601,9.890788247736191,0.009782769216155635,0.9951323800864587,212.06401957255758,211.20643317870145,1.004060417956732,24.39703102567476,1.5935345318538108
lowpass_0p4Hz,stress,qseis2025,qssp2020,600.0,uu,Pa,0.0,400.0,0.25,1601,8.861251502115767,0.007852177818374894,0.9962005065480861,182.48806271840363,178.79910137314317,1.0206318785549253,16.159803196813673,1.2756304455212875
lowpass_0p4Hz,stress,qseis2025,qssp2020,600.0,all_components,Pa,0.0,400.0,0.25,1601,8.210492905460239,0.006741219375061291,0.9966617109913636,466.2511082649242,459.06913603635405,1.0156446418737273,39.219298288620806,1.689019755182995
lowpass_0p4Hz,stress,qseis2025,qssp2020,900.0,ee,Pa,0.0,400.0,0.25,1601,12.292171706639888,0.015109748526551815,0.9924846748719304,121.23438004744715,121.98625042821376,0.9938364333838666,18.23609855439842,1.5294762204910175
lowpass_0p4Hz,stress,qseis2025,qssp2020,900.0,en,Pa,0.0,400.0,0.25,1601,11.796812319439493,0.013916478090007938,0.993124129898238,73.13164347932097,71.97620675702751,1.0160530371681562,10.582296743863466,0.9860427754900117
lowpass_0p4Hz,stress,qseis2025,qssp2020,900.0,eu,Pa,0.0,400.0,0.25,1601,14.933729558617381,0.02230162785299225,0.988895002755022,54.85440307917782,54.60958598403935,1.0044830425048457,9.338883066781563,0.6255220803608792
lowpass_0p4Hz,stress,qseis2025,qssp2020,900.0,nn,Pa,0.0,400.0,0.25,1601,11.886035699036112,0.01412778446387609,0.9929815423161066,289.9111008014066,290.35608979245484,0.99846743703097,43.464139199192054,3.5883654328871657
lowpass_0p4Hz,stress,qseis2025,qssp2020,900.0,nu,Pa,0.0,400.0,0.25,1601,14.796446077083788,0.021893481651204822,0.9890957016910947,150.5192029857768,149.912222638968,1.0040489049933612,25.65802187566436,1.7103313582231772
lowpass_0p4Hz,stress,qseis2025,qssp2020,900.0,uu,Pa,0.0,400.0,0.25,1601,14.964093658582833,0.0223924099022839,0.9891102521541869,114.37426225300823,113.8247935270583,1.004827320207871,17.359832858787875,1.4201268514159224
lowpass_0p4Hz,stress,qseis2025,qssp2020,900.0,all_components,Pa,0.0,400.0,0.25,1601,12.50013232532352,0.0156253308150598,0.9922447948078587,289.9111008014066,290.35608979245484,0.99846743703097,43.464139199192054,1.8939031938537263
lowpass_0p4Hz,stress,qssp2020,qssp2020,300.0,ee,Pa,0.0,400.0,0.25,1601,0.0,0.0,1.0,347.06226047848173,347.06226047848173,1.0,0.0,0.0
lowpass_0p4Hz,stress,qssp2020,qssp2020,300.0,en,Pa,0.0,400.0,0.25,1601,0.0,0.0,1.0,214.79655579588982,214.79655579588982,1.0,0.0,0.0
lowpass_0p4Hz,stress,qssp2020,qssp2020,300.0,eu,Pa,0.0,400.0,0.25,1601,0.0,0.0,1.0,127.64240881939313,127.64240881939313,1.0,0.0,0.0
lowpass_0p4Hz,stress,qssp2020,qssp2020,300.0,nn,Pa,0.0,400.0,0.25,1601,0.0,0.0,0.9999999999999999,855.2806799710092,855.2806799710092,1.0,0.0,0.0
lowpass_0p4Hz,stress,qssp2020,qssp2020,300.0,nu,Pa,0.0,400.0,0.25,1601,0.0,0.0,0.9999999999999999,352.46123052400594,352.46123052400594,1.0,0.0,0.0
lowpass_0p4Hz,stress,qssp2020,qssp2020,300.0,uu,Pa,0.0,400.0,0.25,1601,0.0,0.0,1.0,281.9220882855853,281.9220882855853,1.0,0.0,0.0
lowpass_0p4Hz,stress,qssp2020,qssp2020,300.0,all_components,Pa,0.0,400.0,0.25,1601,0.0,0.0,1.0,855.2806799710092,855.2806799710092,1.0,0.0,0.0
lowpass_0p4Hz,stress,qssp2020,qssp2020,600.0,ee,Pa,0.0,400.0,0.25,1601,0.0,0.0,1.0,192.09308010378035,192.09308010378035,1.0,0.0,0.0
lowpass_0p4Hz,stress,qssp2020,qssp2020,600.0,en,Pa,0.0,400.0,0.25,1601,0.0,0.0,1.0,111.22634937429258,111.22634937429258,1.0,0.0,0.0
lowpass_0p4Hz,stress,qssp2020,qssp2020,600.0,eu,Pa,0.0,400.0,0.25,1601,0.0,0.0,0.9999999999999999,77.48382558624017,77.48382558624017,1.0,0.0,0.0
lowpass_0p4Hz,stress,qssp2020,qssp2020,600.0,nn,Pa,0.0,400.0,0.25,1601,0.0,0.0,1.0,459.06913603635405,459.06913603635405,1.0,0.0,0.0
lowpass_0p4Hz,stress,qssp2020,qssp2020,600.0,nu,Pa,0.0,400.0,0.25,1601,0.0,0.0,0.9999999999999999,211.20643317870145,211.20643317870145,1.0,0.0,0.0
lowpass_0p4Hz,stress,qssp2020,qssp2020,600.0,uu,Pa,0.0,400.0,0.25,1601,0.0,0.0,1.0,178.79910137314317,178.79910137314317,1.0,0.0,0.0
lowpass_0p4Hz,stress,qssp2020,qssp2020,600.0,all_components,Pa,0.0,400.0,0.25,1601,0.0,0.0,1.0,459.06913603635405,459.06913603635405,1.0,0.0,0.0
lowpass_0p4Hz,stress,qssp2020,qssp2020,900.0,ee,Pa,0.0,400.0,0.25,1601,0.0,0.0,1.0,121.98625042821376,121.98625042821376,1.0,0.0,0.0
lowpass_0p4Hz,stress,qssp2020,qssp2020,900.0,en,Pa,0.0,400.0,0.25,1601,0.0,0.0,1.0,71.97620675702751,71.97620675702751,1.0,0.0,0.0
lowpass_0p4Hz,stress,qssp2020,qssp2020,900.0,eu,Pa,0.0,400.0,0.25,1601,0.0,0.0,1.0,54.60958598403935,54.60958598403935,1.0,0.0,0.0
lowpass_0p4Hz,stress,qssp2020,qssp2020,900.0,nn,Pa,0.0,400.0,0.25,1601,0.0,0.0,1.0,290.35608979245484,290.35608979245484,1.0,0.0,0.0
lowpass_0p4Hz,stress,qssp2020,qssp2020,900.0,nu,Pa,0.0,400.0,0.25,1601,0.0,0.0,1.0,149.912222638968,149.912222638968,1.0,0.0,0.0
lowpass_0p4Hz,stress,qssp2020,qssp2020,900.0,uu,Pa,0.0,400.0,0.25,1601,0.0,0.0,0.9999999999999998,113.8247935270583,113.8247935270583,1.0,0.0,0.0
lowpass_0p4Hz,stress,qssp2020,qssp2020,900.0,all_components,Pa,0.0,400.0,0.25,1601,0.0,0.0,0.9999999999999998,290.35608979245484,290.35608979245484,1.0,0.0,0.0
